{
    "loss": 0.19939163327217102,
    "accuracy": 0.9213483333587646
}